Query,Label
calorie-conscious recipes,Calories
reduce calories recipes,Calories
calorie-dense dishes,Calories
reduce calories recipes,Calories
high-cal,Calories
reduce calories,Calories
lots of calorie meals,Calories
reduce calories,Calories
watch my calories meals,Calories
low-cal,Calories
calorie-dense,Calories
calorie-dense,Calories
low-cal,Calories
watch my calories meals,Calories
light on calories options,Calories
low-cal meals,Calories
not too many calories,Calories
high calorie recipes,Calories
lots of-cal meals,Calories
not too many calories recipes,Calories
reduce calories,Calories
high calorie,Calories
not too many calories,Calories
low calorie dishes,Calories
reduce calories options,Calories
lots of-cal food,Calories
high calorie,Calories
high calorie,Calories
calorie-dense,Calories
calorie-conscious dishes,Calories
high-cal meals,Calories
calorie-conscious food,Calories
high-cal meals,Calories
not too many calories recipes,Calories
calorie-conscious options,Calories
calorie-conscious meals,Calories
lots of-cal food,Calories
reduce calories,Calories
reduce calories meals,Calories
calorie-dense,Calories
reduce calories,Calories
lots of-cal,Calories
light on calories meals,Calories
calorie-dense food,Calories
reduce calories,Calories
light on calories,Calories
low calorie,Calories
low calorie,Calories
not too many calories,Calories
calorie-conscious options,Calories
calorie-dense food,Calories
low-cal recipes,Calories
reduce calories,Calories
lots of-cal recipes,Calories
high-cal,Calories
reduce calories meals,Calories
high calorie,Calories
reduce calories food,Calories
watch my calories,Calories
watch my calories,Calories
calorie-dense recipes,Calories
not too many calories food,Calories
calorie-conscious,Calories
not much-cal meals,Calories
reduce calories,Calories
high-cal options,Calories
not too many calories recipes,Calories
not too many calories,Calories
low-cal food,Calories
watch my calories,Calories
light on calories options,Calories
calorie-conscious,Calories
calorie-conscious meals,Calories
high calorie recipes,Calories
calorie-conscious options,Calories
light on calories,Calories
lots of calorie,Calories
high-cal,Calories
light on calories,Calories
not too many calories recipes,Calories
high-cal,Calories
high-cal,Calories
watch my calories,Calories
calorie-dense,Calories
reduce calories,Calories
high-cal,Calories
low calorie dishes,Calories
high-cal,Calories
calorie-conscious dishes,Calories
not too many calories recipes,Calories
light on calories recipes,Calories
low calorie dishes,Calories
high-cal options,Calories
not too many calories,Calories
calorie-dense,Calories
low-cal meals,Calories
low-cal recipes,Calories
high calorie options,Calories
lots of calorie options,Calories
not much-cal,Calories
no fat,FatContent
not much fat,FatContent
less fat,FatContent
no fat options,FatContent
fat-free,FatContent
fatty dishes,FatContent
no fat options,FatContent
high fat,FatContent
no fat,FatContent
reduce fat dishes,FatContent
high-fat,FatContent
less fat,FatContent
less fat,FatContent
fatty,FatContent
low fat,FatContent
less fat meals,FatContent
low fat options,FatContent
high fat,FatContent
fat-free food,FatContent
lots of fat dishes,FatContent
reduce fat,FatContent
low fat options,FatContent
fat-free dishes,FatContent
light on fat,FatContent
less fat,FatContent
reduce fat food,FatContent
lots of fat,FatContent
fatty,FatContent
light on fat recipes,FatContent
no fat dishes,FatContent
low fat,FatContent
high-fat,FatContent
no fat meals,FatContent
high-fat,FatContent
fat-free dishes,FatContent
fat-free food,FatContent
fat-free,FatContent
less fat dishes,FatContent
fat-free,FatContent
reduce fat,FatContent
less fat options,FatContent
high fat meals,FatContent
high fat,FatContent
light on fat meals,FatContent
high-fat,FatContent
low fat options,FatContent
fatty food,FatContent
fat-free,FatContent
low-fat,FatContent
not much-fat,FatContent
less fat,FatContent
less fat,FatContent
reduce fat recipes,FatContent
no fat options,FatContent
fatty,FatContent
fatty meals,FatContent
low-fat,FatContent
lots of fat options,FatContent
light on fat,FatContent
high-fat dishes,FatContent
low fat dishes,FatContent
reduce fat,FatContent
fat-free,FatContent
reduce fat meals,FatContent
reduce fat recipes,FatContent
less fat food,FatContent
fatty options,FatContent
high-fat,FatContent
low fat,FatContent
fat-free,FatContent
no fat,FatContent
high fat,FatContent
fat-free,FatContent
not much fat,FatContent
reduce fat,FatContent
high fat,FatContent
not much fat food,FatContent
fat-free,FatContent
fatty,FatContent
fat-free,FatContent
reduce fat,FatContent
less fat food,FatContent
reduce fat,FatContent
less fat meals,FatContent
low-fat meals,FatContent
light on fat meals,FatContent
light on fat,FatContent
low fat options,FatContent
fat-free,FatContent
low fat,FatContent
reduce fat recipes,FatContent
lots of-fat meals,FatContent
no fat,FatContent
high fat,FatContent
low fat options,FatContent
fatty food,FatContent
low-fat,FatContent
low-fat recipes,FatContent
fatty,FatContent
lots of fat dishes,FatContent
high saturated fat food,SaturatedFatContent
not much saturated fat recipes,SaturatedFatContent
rich in saturated fat food,SaturatedFatContent
no saturated fat,SaturatedFatContent
reduce saturated fat meals,SaturatedFatContent
rich in saturated fat,SaturatedFatContent
high saturated fat,SaturatedFatContent
reduce saturated fat meals,SaturatedFatContent
high saturated fat meals,SaturatedFatContent
lots of saturated fat dishes,SaturatedFatContent
low saturated fat meals,SaturatedFatContent
reduce saturated fat food,SaturatedFatContent
rich in saturated fat,SaturatedFatContent
watch saturated fat food,SaturatedFatContent
lots of saturated fat,SaturatedFatContent
rich in saturated fat meals,SaturatedFatContent
no saturated fat,SaturatedFatContent
rich in saturated fat,SaturatedFatContent
lots of saturated fat,SaturatedFatContent
lots of saturated fat meals,SaturatedFatContent
saturated fat-free options,SaturatedFatContent
reduce saturated fat meals,SaturatedFatContent
reduce saturated fat options,SaturatedFatContent
high saturated fat,SaturatedFatContent
rich in saturated fat dishes,SaturatedFatContent
watch saturated fat,SaturatedFatContent
rich in saturated fat,SaturatedFatContent
no saturated fat options,SaturatedFatContent
lots of saturated fat recipes,SaturatedFatContent
high saturated fat dishes,SaturatedFatContent
saturated fat-free,SaturatedFatContent
no saturated fat food,SaturatedFatContent
watch saturated fat dishes,SaturatedFatContent
less saturated fat,SaturatedFatContent
less saturated fat,SaturatedFatContent
not much saturated fat recipes,SaturatedFatContent
not much saturated fat meals,SaturatedFatContent
reduce saturated fat,SaturatedFatContent
less saturated fat recipes,SaturatedFatContent
watch saturated fat,SaturatedFatContent
low saturated fat,SaturatedFatContent
reduce saturated fat dishes,SaturatedFatContent
reduce saturated fat food,SaturatedFatContent
reduce saturated fat,SaturatedFatContent
saturated fat-free dishes,SaturatedFatContent
high saturated fat food,SaturatedFatContent
high saturated fat dishes,SaturatedFatContent
less saturated fat meals,SaturatedFatContent
rich in saturated fat food,SaturatedFatContent
rich in saturated fat,SaturatedFatContent
high saturated fat,SaturatedFatContent
less saturated fat,SaturatedFatContent
reduce saturated fat,SaturatedFatContent
watch saturated fat,SaturatedFatContent
saturated fat-free dishes,SaturatedFatContent
watch saturated fat,SaturatedFatContent
high saturated fat,SaturatedFatContent
reduce saturated fat,SaturatedFatContent
not much saturated fat meals,SaturatedFatContent
rich in saturated fat,SaturatedFatContent
reduce saturated fat meals,SaturatedFatContent
low saturated fat,SaturatedFatContent
rich in saturated fat recipes,SaturatedFatContent
no saturated fat dishes,SaturatedFatContent
reduce saturated fat,SaturatedFatContent
saturated fat-free meals,SaturatedFatContent
less saturated fat,SaturatedFatContent
saturated fat-free,SaturatedFatContent
rich in saturated fat recipes,SaturatedFatContent
low saturated fat,SaturatedFatContent
watch saturated fat,SaturatedFatContent
low saturated fat,SaturatedFatContent
less saturated fat meals,SaturatedFatContent
low saturated fat,SaturatedFatContent
high saturated fat,SaturatedFatContent
lots of saturated fat recipes,SaturatedFatContent
saturated fat-free recipes,SaturatedFatContent
watch saturated fat options,SaturatedFatContent
reduce saturated fat recipes,SaturatedFatContent
rich in saturated fat,SaturatedFatContent
high saturated fat,SaturatedFatContent
no saturated fat recipes,SaturatedFatContent
reduce saturated fat dishes,SaturatedFatContent
watch saturated fat,SaturatedFatContent
less saturated fat,SaturatedFatContent
saturated fat-free,SaturatedFatContent
saturated fat-free,SaturatedFatContent
no saturated fat,SaturatedFatContent
rich in saturated fat recipes,SaturatedFatContent
not much saturated fat,SaturatedFatContent
watch saturated fat dishes,SaturatedFatContent
rich in saturated fat recipes,SaturatedFatContent
high saturated fat food,SaturatedFatContent
rich in saturated fat meals,SaturatedFatContent
lots of saturated fat options,SaturatedFatContent
rich in saturated fat,SaturatedFatContent
high saturated fat meals,SaturatedFatContent
not much saturated fat,SaturatedFatContent
rich in saturated fat options,SaturatedFatContent
watch saturated fat meals,SaturatedFatContent
rich in cholesterol meals,CholesterolContent
less cholesterol,CholesterolContent
watch my cholesterol,CholesterolContent
low cholesterol meals,CholesterolContent
cholesterol-free,CholesterolContent
less cholesterol,CholesterolContent
watch my cholesterol meals,CholesterolContent
reduce cholesterol recipes,CholesterolContent
no cholesterol,CholesterolContent
rich in cholesterol dishes,CholesterolContent
less cholesterol,CholesterolContent
reduce cholesterol options,CholesterolContent
cholesterol-free,CholesterolContent
high cholesterol,CholesterolContent
not much cholesterol,CholesterolContent
reduce cholesterol recipes,CholesterolContent
no cholesterol,CholesterolContent
cholesterol-free,CholesterolContent
rich in cholesterol,CholesterolContent
rich in cholesterol,CholesterolContent
cholesterol-free,CholesterolContent
low cholesterol dishes,CholesterolContent
no cholesterol meals,CholesterolContent
less cholesterol,CholesterolContent
rich in cholesterol meals,CholesterolContent
cholesterol-free recipes,CholesterolContent
rich in cholesterol,CholesterolContent
no cholesterol recipes,CholesterolContent
reduce cholesterol options,CholesterolContent
less cholesterol options,CholesterolContent
cholesterol-free dishes,CholesterolContent
watch my cholesterol,CholesterolContent
less cholesterol,CholesterolContent
no cholesterol dishes,CholesterolContent
less cholesterol,CholesterolContent
high cholesterol,CholesterolContent
high cholesterol food,CholesterolContent
rich in cholesterol,CholesterolContent
watch my cholesterol recipes,CholesterolContent
reduce cholesterol recipes,CholesterolContent
watch my cholesterol options,CholesterolContent
less cholesterol options,CholesterolContent
reduce cholesterol dishes,CholesterolContent
cholesterol-free recipes,CholesterolContent
no cholesterol dishes,CholesterolContent
less cholesterol options,CholesterolContent
no cholesterol,CholesterolContent
reduce cholesterol,CholesterolContent
rich in cholesterol,CholesterolContent
no cholesterol,CholesterolContent
reduce cholesterol,CholesterolContent
less cholesterol meals,CholesterolContent
not much cholesterol,CholesterolContent
no cholesterol,CholesterolContent
reduce cholesterol,CholesterolContent
watch my cholesterol recipes,CholesterolContent
less cholesterol recipes,CholesterolContent
rich in cholesterol food,CholesterolContent
reduce cholesterol dishes,CholesterolContent
rich in cholesterol,CholesterolContent
rich in cholesterol options,CholesterolContent
rich in cholesterol,CholesterolContent
rich in cholesterol,CholesterolContent
rich in cholesterol options,CholesterolContent
less cholesterol,CholesterolContent
high cholesterol,CholesterolContent
watch my cholesterol,CholesterolContent
less cholesterol recipes,CholesterolContent
less cholesterol dishes,CholesterolContent
rich in cholesterol,CholesterolContent
watch my cholesterol,CholesterolContent
rich in cholesterol,CholesterolContent
low cholesterol,CholesterolContent
less cholesterol,CholesterolContent
low cholesterol recipes,CholesterolContent
rich in cholesterol,CholesterolContent
less cholesterol,CholesterolContent
low cholesterol meals,CholesterolContent
rich in cholesterol recipes,CholesterolContent
less cholesterol,CholesterolContent
less cholesterol,CholesterolContent
reduce cholesterol,CholesterolContent
not much cholesterol,CholesterolContent
high cholesterol dishes,CholesterolContent
rich in cholesterol recipes,CholesterolContent
cholesterol-free recipes,CholesterolContent
not much cholesterol meals,CholesterolContent
less cholesterol,CholesterolContent
less cholesterol,CholesterolContent
rich in cholesterol,CholesterolContent
low cholesterol,CholesterolContent
reduce cholesterol,CholesterolContent
no cholesterol,CholesterolContent
watch my cholesterol food,CholesterolContent
lots of cholesterol,CholesterolContent
rich in cholesterol,CholesterolContent
less cholesterol food,CholesterolContent
watch my cholesterol options,CholesterolContent
not much cholesterol,CholesterolContent
rich in cholesterol,CholesterolContent
low sodium,SodiumContent
no salt dishes,SodiumContent
low-salt dishes,SodiumContent
no salt food,SodiumContent
lots of sodium,SodiumContent
less sodium,SodiumContent
watch my sodium recipes,SodiumContent
lots of-salt meals,SodiumContent
less sodium dishes,SodiumContent
watch my sodium meals,SodiumContent
not much sodium options,SodiumContent
high sodium,SodiumContent
no salt options,SodiumContent
no salt,SodiumContent
no salt dishes,SodiumContent
reduce sodium options,SodiumContent
salty food,SodiumContent
high-salt meals,SodiumContent
high sodium recipes,SodiumContent
high-salt,SodiumContent
salty,SodiumContent
less sodium meals,SodiumContent
low-salt,SodiumContent
no salt,SodiumContent
high-salt recipes,SodiumContent
no salt recipes,SodiumContent
less sodium recipes,SodiumContent
salty food,SodiumContent
not much sodium meals,SodiumContent
salty options,SodiumContent
no salt food,SodiumContent
high sodium,SodiumContent
lots of sodium,SodiumContent
salty meals,SodiumContent
salty dishes,SodiumContent
low-salt,SodiumContent
sodium-free food,SodiumContent
watch my sodium food,SodiumContent
less sodium options,SodiumContent
no salt food,SodiumContent
reduce sodium dishes,SodiumContent
sodium-free food,SodiumContent
sodium-free food,SodiumContent
high sodium,SodiumContent
less sodium dishes,SodiumContent
reduce sodium,SodiumContent
watch my sodium,SodiumContent
watch my sodium food,SodiumContent
no salt,SodiumContent
high-salt,SodiumContent
lots of sodium,SodiumContent
high-salt,SodiumContent
watch my sodium,SodiumContent
high-salt recipes,SodiumContent
low sodium,SodiumContent
high-salt dishes,SodiumContent
low-salt food,SodiumContent
not much-salt options,SodiumContent
low sodium,SodiumContent
no salt meals,SodiumContent
watch my sodium,SodiumContent
less sodium options,SodiumContent
low sodium,SodiumContent
reduce sodium,SodiumContent
low sodium,SodiumContent
no salt,SodiumContent
watch my sodium dishes,SodiumContent
less sodium options,SodiumContent
salty options,SodiumContent
watch my sodium,SodiumContent
reduce sodium recipes,SodiumContent
reduce sodium,SodiumContent
watch my sodium,SodiumContent
not much sodium,SodiumContent
watch my sodium,SodiumContent
lots of-salt,SodiumContent
less sodium meals,SodiumContent
not much sodium recipes,SodiumContent
low-salt,SodiumContent
sodium-free meals,SodiumContent
low sodium food,SodiumContent
low-salt food,SodiumContent
lots of-salt recipes,SodiumContent
watch my sodium food,SodiumContent
high-salt options,SodiumContent
not much sodium recipes,SodiumContent
salty,SodiumContent
less sodium,SodiumContent
high-salt food,SodiumContent
high sodium,SodiumContent
low sodium,SodiumContent
less sodium,SodiumContent
low sodium dishes,SodiumContent
reduce sodium,SodiumContent
not much-salt,SodiumContent
lots of-salt,SodiumContent
high-salt options,SodiumContent
less sodium,SodiumContent
low-salt dishes,SodiumContent
reduce sodium,SodiumContent
no carbs,CarbohydrateContent
carb-heavy,CarbohydrateContent
high-carb,CarbohydrateContent
low-carb options,CarbohydrateContent
low-carb food,CarbohydrateContent
watch my carbs recipes,CarbohydrateContent
less carbohydrates recipes,CarbohydrateContent
less carbohydrates,CarbohydrateContent
watch my carbs options,CarbohydrateContent
watch my carbs recipes,CarbohydrateContent
carb-free recipes,CarbohydrateContent
no carbs meals,CarbohydrateContent
not much-carb recipes,CarbohydrateContent
watch my carbs,CarbohydrateContent
carb-heavy,CarbohydrateContent
low-carb dishes,CarbohydrateContent
carb-heavy,CarbohydrateContent
carb-heavy,CarbohydrateContent
low carb recipes,CarbohydrateContent
low carb,CarbohydrateContent
reduce carbs recipes,CarbohydrateContent
no carbs meals,CarbohydrateContent
low-carb dishes,CarbohydrateContent
less carbohydrates,CarbohydrateContent
carb-free,CarbohydrateContent
low carb,CarbohydrateContent
less carbohydrates dishes,CarbohydrateContent
no carbs,CarbohydrateContent
watch my carbs meals,CarbohydrateContent
watch my carbs dishes,CarbohydrateContent
watch my carbs meals,CarbohydrateContent
reduce carbs options,CarbohydrateContent
watch my carbs meals,CarbohydrateContent
high-carb,CarbohydrateContent
low carb,CarbohydrateContent
high carb options,CarbohydrateContent
not much carb recipes,CarbohydrateContent
not much carb,CarbohydrateContent
reduce carbs,CarbohydrateContent
not much carb meals,CarbohydrateContent
carb-free dishes,CarbohydrateContent
reduce carbs dishes,CarbohydrateContent
carb-free,CarbohydrateContent
reduce carbs meals,CarbohydrateContent
carb-free,CarbohydrateContent
carb-heavy options,CarbohydrateContent
no carbs,CarbohydrateContent
reduce carbs options,CarbohydrateContent
watch my carbs food,CarbohydrateContent
carb-free,CarbohydrateContent
low-carb dishes,CarbohydrateContent
low-carb options,CarbohydrateContent
high-carb,CarbohydrateContent
lots of carb,CarbohydrateContent
carb-heavy meals,CarbohydrateContent
carb-free dishes,CarbohydrateContent
carb-heavy,CarbohydrateContent
carb-heavy,CarbohydrateContent
less carbohydrates,CarbohydrateContent
carb-heavy,CarbohydrateContent
no carbs meals,CarbohydrateContent
carb-heavy,CarbohydrateContent
high carb food,CarbohydrateContent
carb-heavy,CarbohydrateContent
less carbohydrates recipes,CarbohydrateContent
less carbohydrates dishes,CarbohydrateContent
low carb recipes,CarbohydrateContent
less carbohydrates,CarbohydrateContent
lots of-carb meals,CarbohydrateContent
carb-heavy options,CarbohydrateContent
carb-heavy,CarbohydrateContent
less carbohydrates meals,CarbohydrateContent
reduce carbs dishes,CarbohydrateContent
no carbs,CarbohydrateContent
high carb,CarbohydrateContent
low carb dishes,CarbohydrateContent
high carb food,CarbohydrateContent
watch my carbs dishes,CarbohydrateContent
high-carb recipes,CarbohydrateContent
high carb food,CarbohydrateContent
watch my carbs,CarbohydrateContent
not much-carb food,CarbohydrateContent
not much carb options,CarbohydrateContent
less carbohydrates,CarbohydrateContent
low-carb dishes,CarbohydrateContent
lots of carb,CarbohydrateContent
no carbs dishes,CarbohydrateContent
no carbs,CarbohydrateContent
lots of-carb options,CarbohydrateContent
lots of-carb,CarbohydrateContent
reduce carbs,CarbohydrateContent
less carbohydrates dishes,CarbohydrateContent
not much-carb meals,CarbohydrateContent
watch my carbs,CarbohydrateContent
carb-free food,CarbohydrateContent
less carbohydrates dishes,CarbohydrateContent
high carb,CarbohydrateContent
low-carb recipes,CarbohydrateContent
carb-heavy options,CarbohydrateContent
low-carb,CarbohydrateContent
good source of fiber recipes,FiberContent
high fiber,FiberContent
good source of fiber dishes,FiberContent
no fiber,FiberContent
good source of fiber food,FiberContent
less fiber,FiberContent
low fiber options,FiberContent
less fiber,FiberContent
less fiber,FiberContent
no fiber,FiberContent
increase fiber food,FiberContent
less fiber,FiberContent
no fiber,FiberContent
dietary fiber,FiberContent
increase fiber,FiberContent
good source of fiber,FiberContent
high fiber,FiberContent
dietary fiber meals,FiberContent
no fiber,FiberContent
good source of fiber,FiberContent
good source of fiber meals,FiberContent
good source of fiber,FiberContent
fiber-free recipes,FiberContent
dietary fiber dishes,FiberContent
high fiber recipes,FiberContent
no fiber food,FiberContent
no fiber,FiberContent
low fiber,FiberContent
less fiber recipes,FiberContent
fiber-rich,FiberContent
dietary fiber,FiberContent
lots of fiber,FiberContent
fiber-free,FiberContent
increase fiber food,FiberContent
not much fiber options,FiberContent
fiber-rich,FiberContent
good source of fiber meals,FiberContent
fiber-free,FiberContent
less fiber,FiberContent
good source of fiber,FiberContent
fiber-rich,FiberContent
high fiber recipes,FiberContent
increase fiber,FiberContent
high fiber,FiberContent
increase fiber meals,FiberContent
good source of fiber food,FiberContent
good source of fiber,FiberContent
good source of fiber,FiberContent
fiber-rich food,FiberContent
low fiber meals,FiberContent
fiber-rich meals,FiberContent
less fiber meals,FiberContent
high fiber options,FiberContent
fiber-rich,FiberContent
fiber-free,FiberContent
dietary fiber,FiberContent
good source of fiber dishes,FiberContent
fiber-rich meals,FiberContent
good source of fiber dishes,FiberContent
dietary fiber options,FiberContent
good source of fiber dishes,FiberContent
fiber-free,FiberContent
no fiber,FiberContent
less fiber,FiberContent
less fiber food,FiberContent
fiber-rich,FiberContent
increase fiber food,FiberContent
not much fiber dishes,FiberContent
fiber-free,FiberContent
high fiber,FiberContent
good source of fiber recipes,FiberContent
high fiber dishes,FiberContent
low fiber,FiberContent
fiber-free,FiberContent
fiber-free recipes,FiberContent
good source of fiber options,FiberContent
no fiber dishes,FiberContent
fiber-free food,FiberContent
high fiber meals,FiberContent
less fiber,FiberContent
increase fiber,FiberContent
fiber-rich,FiberContent
less fiber,FiberContent
dietary fiber,FiberContent
not much fiber options,FiberContent
increase fiber options,FiberContent
not much fiber,FiberContent
good source of fiber,FiberContent
no fiber options,FiberContent
good source of fiber meals,FiberContent
increase fiber,FiberContent
less fiber food,FiberContent
good source of fiber options,FiberContent
high fiber,FiberContent
good source of fiber,FiberContent
less fiber meals,FiberContent
no fiber,FiberContent
low fiber,FiberContent
dietary fiber options,FiberContent
dietary fiber,FiberContent
reduce sugar,SugarContent
sugar-free dishes,SugarContent
high-sugar,SugarContent
less sweet food,SugarContent
sugary,SugarContent
low sugar,SugarContent
low-sugar recipes,SugarContent
lots of sugar,SugarContent
less sweet,SugarContent
reduce sugar food,SugarContent
high sugar,SugarContent
lots of-sugar options,SugarContent
watch my sugar,SugarContent
sugar-free,SugarContent
low-sugar recipes,SugarContent
sugary meals,SugarContent
low sugar options,SugarContent
watch my sugar,SugarContent
no sugar,SugarContent
sugar-free,SugarContent
no sugar,SugarContent
high-sugar,SugarContent
sugar-free food,SugarContent
low sugar recipes,SugarContent
not much-sugar recipes,SugarContent
not much-sugar recipes,SugarContent
watch my sugar,SugarContent
sugary,SugarContent
less sweet meals,SugarContent
sugar-free,SugarContent
low-sugar,SugarContent
watch my sugar,SugarContent
watch my sugar food,SugarContent
reduce sugar,SugarContent
not much sugar recipes,SugarContent
not much-sugar,SugarContent
reduce sugar,SugarContent
not much-sugar food,SugarContent
less sweet food,SugarContent
less sweet,SugarContent
sugary options,SugarContent
watch my sugar meals,SugarContent
sugary,SugarContent
lots of-sugar,SugarContent
reduce sugar meals,SugarContent
high sugar,SugarContent
less sweet dishes,SugarContent
sugar-free,SugarContent
sugar-free,SugarContent
no sugar,SugarContent
low sugar,SugarContent
sugar-free,SugarContent
lots of-sugar,SugarContent
high sugar meals,SugarContent
sugar-free dishes,SugarContent
lots of-sugar food,SugarContent
sugar-free,SugarContent
reduce sugar food,SugarContent
sugary food,SugarContent
sugar-free options,SugarContent
less sweet food,SugarContent
less sweet,SugarContent
no sugar,SugarContent
no sugar dishes,SugarContent
watch my sugar,SugarContent
less sweet meals,SugarContent
reduce sugar,SugarContent
high-sugar meals,SugarContent
reduce sugar,SugarContent
sugar-free,SugarContent
not much sugar food,SugarContent
sugary,SugarContent
high sugar recipes,SugarContent
sugary,SugarContent
high-sugar,SugarContent
no sugar,SugarContent
no sugar food,SugarContent
sugar-free,SugarContent
less sweet,SugarContent
reduce sugar,SugarContent
no sugar,SugarContent
no sugar,SugarContent
sugary,SugarContent
watch my sugar food,SugarContent
high sugar options,SugarContent
not much-sugar,SugarContent
sugary,SugarContent
no sugar recipes,SugarContent
reduce sugar,SugarContent
watch my sugar recipes,SugarContent
lots of sugar,SugarContent
sugary,SugarContent
watch my sugar,SugarContent
high sugar dishes,SugarContent
high sugar food,SugarContent
less sweet options,SugarContent
watch my sugar meals,SugarContent
sugar-free dishes,SugarContent
sugary,SugarContent
no sugar recipes,SugarContent
